split,row_count,percentage,target_mean,target_median,target_min,target_max
full,4540549,100.0,494.80082257626253,96.494999,0.006032,180422.108817
train,3178384,69.99999339286946,494.59529680178383,96.49416,0.006032,164746.908386
validation,681082,14.999992291681027,495.31455971980904,96.4953175,0.017175,180422.108817
test,681083,15.00001431544952,495.2462054620332,96.49548,0.01785,117549.328667
