split,rows,target_mean,target_median,target_min,target_max
train,3178384,494.82227369268276,96.494787,0.006032,180422.108817
validation,681082,494.6927382080954,96.49457799999999,0.017175,114707.909346
test,681083,494.80880168075845,96.49548,0.023646,164746.908386
