split,rows,target_mean,target_median,target_min,target_max
train,3178384,494.4929015316673,96.49394799999999,0.006032,164746.908386
validation,681082,493.9855713125644,96.4953435,0.01198,123412.419611
test,681083,497.0530360107285,96.497961,0.017175,180422.108817
