split,row_count,percentage,target_mean,target_median,target_min,target_max
full,4540549,100.0,494.80082257626253,96.494999,0.006032,180422.108817
train,3178384,69.99999339286946,494.82227369268276,96.494787,0.006032,180422.108817
validation,681082,14.999992291681027,494.6927382080954,96.49457799999999,0.017175,114707.909346
test,681083,15.00001431544952,494.80880168075845,96.49548,0.023646,164746.908386
