metric,value
row_count,5796627.0
missing_count,738923.0
missing_percentage,12.74746503440708
negative_count,0.0
zero_count,158815.0
min,0.0
median,90.365931
mean,481.36518578440496
max,180422.108817
